<?xml version="1.0" encoding="utf-8"?>
<!--/19204195/1665652/2.50/8/3/Integrated Circuit/-->
<quadcept_library>
  <setting unit="mil" />
  <textstyle name="Default" height="47.244094488189" strokewidth="7.8740157480315" charwidth="47.244094488189" />
  <textstyle name="Dimension" height="19.6850393700787" strokewidth="0" charwidth="19.6850393700787" />
  <textstyle name="H127W0635TH00762" height="50" strokewidth="3" charwidth="25" />
  <textstyle name="H15W15TH02" height="59.0551181102362" strokewidth="7.8740157480315" charwidth="59.0551181102362" />
  <padstyle name="c20" surface="True" plated="False" isvia="False" nopaste="False" nomask="True" complex="False" holesize="0">
    <padshape layer="TOP" shape="round" width="7.8740157480314" height="7.8740157480314" />
    <padshape layer="TOP_SOLDER_MASK" shape="round" width="15.748031496063" height="15.748031496063" />
    <padshape layer="TOP_SOLDER_PASTE" shape="round" width="7.8740157480314" height="7.8740157480314" />
  </padstyle>
  <footprint name="BGA8C40P2X4_86X176X50" originx="0" originy="0" pickpointx="0" pickpointy="0">
    <pcbpin number="1" name="A1" style="c20" originx="-7.8740157480314" originy="23.622047244094" rotation="90" />
    <pcbpin number="2" name="A2" style="c20" originx="7.8740157480314" originy="23.622047244094" rotation="90" />
    <pcbpin number="3" name="B1" style="c20" originx="-7.8740157480314" originy="7.8740157480314" rotation="90" />
    <pcbpin number="4" name="B2" style="c20" originx="7.8740157480314" originy="7.8740157480314" rotation="90" />
    <pcbpin number="5" name="C1" style="c20" originx="-7.8740157480314" originy="-7.8740157480314" rotation="90" />
    <pcbpin number="6" name="C2" style="c20" originx="7.8740157480314" originy="-7.8740157480314" rotation="90" />
    <pcbpin number="7" name="D1" style="c20" originx="-7.8740157480314" originy="-23.622047244094" rotation="90" />
    <pcbpin number="8" name="D2" style="c20" originx="7.8740157480314" originy="-23.622047244094" rotation="90" />
    <line layer="TOP_PLACE_BOUND" originx="-57.007874015747" originy="74.645669291338" endx="56.968503937007" endy="74.645669291338" width="1.9685039370079" />
    <line layer="TOP_PLACE_BOUND" originx="56.968503937007" originy="74.645669291338" endx="56.968503937007" endy="-74.685039370078" width="1.9685039370079" />
    <line layer="TOP_PLACE_BOUND" originx="56.968503937007" originy="-74.685039370078" endx="-57.007874015747" endy="-74.685039370078" width="1.9685039370079" />
    <line layer="TOP_PLACE_BOUND" originx="-57.007874015747" originy="-74.685039370078" endx="-57.007874015747" endy="74.645669291338" width="1.9685039370079" />
    <line layer="TOP_ASSEMBLY" originx="-17.007874015748" originy="34.724409448818" endx="17.047244094488" endy="34.724409448818" width="3.9370078740157" />
    <line layer="TOP_ASSEMBLY" originx="17.047244094488" originy="34.724409448818" endx="17.047244094488" endy="-34.685039370078" width="3.9370078740157" />
    <line layer="TOP_ASSEMBLY" originx="17.047244094488" originy="-34.685039370078" endx="-17.007874015748" endy="-34.685039370078" width="3.9370078740157" />
    <line layer="TOP_ASSEMBLY" originx="-17.007874015748" originy="-34.685039370078" endx="-17.007874015748" endy="34.724409448818" width="3.9370078740157" />
    <line layer="TOP_ASSEMBLY" originx="-17.007874015748" originy="17.047244094488" endx="0.62992125984251" endy="34.685039370078" width="3.9370078740157" />
    <line layer="TOP_SILKSCREEN" originx="-7.8740157480314" originy="41.338582677165" endx="25.590551181102" endy="41.338582677165" width="7.8740157480314" />
    <line layer="TOP_SILKSCREEN" originx="25.590551181102" originy="41.338582677165" endx="25.590551181102" endy="-41.338582677165" width="7.8740157480314" />
    <line layer="TOP_SILKSCREEN" originx="25.590551181102" originy="-41.338582677165" endx="-25.590551181102" endy="-41.338582677165" width="7.8740157480314" />
    <line layer="TOP_SILKSCREEN" originx="-25.590551181102" originy="-41.338582677165" endx="-25.590551181102" endy="23.622047244094" width="7.8740157480314" />
    <line layer="TOP_SILKSCREEN" originx="-25.590551181102" originy="23.622047244094" endx="-7.8740157480314" endy="41.338582677165" width="7.8740157480314" />
    <arc layer="TOP_SILKSCREEN" originx="-25.590551181102" originy="41.338582677165" startangle="180" sweepangle="180" radius="3.9370078740157" width="7.8740157480314" />
    <arc layer="TOP_SILKSCREEN" originx="-25.590551181102" originy="41.338582677165" startangle="180" sweepangle="-180" radius="3.9370078740157" width="7.8740157480314" />
  </footprint>
  <symbol name="TPS631011YBGR" originx="0" originy="0">
    <line originx="200" originy="100" endx="900" endy="100" width="0" />
    <line originx="900" originy="-400" endx="900" endy="100" width="0" />
    <line originx="900" originy="-400" endx="200" endy="-400" width="0" />
    <line originx="200" originy="100" endx="200" endy="-400" width="0" />
    <sympin number="1" originx="200" originy="0" rotation="180" length="100" width="7.8740157480315" flipped="False">
      <text name="pinname" originx="230" originy="0" style="Default" rotation="0" justify="left" flipped="False" hidden="False" data="VIN" />
      <text name="pindes" originx="140" originy="20" style="Default" rotation="0" justify="lowerright" flipped="False" hidden="False" data="A1" />
    </sympin>
    <sympin number="2" originx="200" originy="-100" rotation="180" length="100" width="7.8740157480315" flipped="False">
      <text name="pinname" originx="230" originy="-100" style="Default" rotation="0" justify="left" flipped="False" hidden="False" data="EN" />
      <text name="pindes" originx="140" originy="-80" style="Default" rotation="0" justify="lowerright" flipped="False" hidden="False" data="A2" />
    </sympin>
    <sympin number="3" originx="200" originy="-200" rotation="180" length="100" width="7.8740157480315" flipped="False">
      <text name="pinname" originx="230" originy="-200" style="Default" rotation="0" justify="left" flipped="False" hidden="False" data="LX1" />
      <text name="pindes" originx="140" originy="-180" style="Default" rotation="0" justify="lowerright" flipped="False" hidden="False" data="B1" />
    </sympin>
    <sympin number="4" originx="200" originy="-300" rotation="180" length="100" width="7.8740157480315" flipped="False">
      <text name="pinname" originx="230" originy="-300" style="Default" rotation="0" justify="left" flipped="False" hidden="False" data="MODE" />
      <text name="pindes" originx="140" originy="-280" style="Default" rotation="0" justify="lowerright" flipped="False" hidden="False" data="B2" />
    </sympin>
    <sympin number="5" originx="900" originy="0" rotation="0" length="100" width="7.8740157480315" flipped="False">
      <text name="pinname" originx="870" originy="0" style="Default" rotation="0" justify="right" flipped="False" hidden="False" data="LX2" />
      <text name="pindes" originx="960" originy="20" style="Default" rotation="0" justify="lowerleft" flipped="False" hidden="False" data="C1" />
    </sympin>
    <sympin number="6" originx="900" originy="-100" rotation="0" length="100" width="7.8740157480315" flipped="False">
      <text name="pinname" originx="870" originy="-100" style="Default" rotation="0" justify="right" flipped="False" hidden="False" data="GND" />
      <text name="pindes" originx="960" originy="-80" style="Default" rotation="0" justify="lowerleft" flipped="False" hidden="False" data="C2" />
    </sympin>
    <sympin number="7" originx="900" originy="-200" rotation="0" length="100" width="7.8740157480315" flipped="False">
      <text name="pinname" originx="870" originy="-200" style="Default" rotation="0" justify="right" flipped="False" hidden="False" data="VOUT" />
      <text name="pindes" originx="960" originy="-180" style="Default" rotation="0" justify="lowerleft" flipped="False" hidden="False" data="D1" />
    </sympin>
    <sympin number="8" originx="900" originy="-300" rotation="0" length="100" width="7.8740157480315" flipped="False">
      <text name="pinname" originx="870" originy="-300" style="Default" rotation="0" justify="right" flipped="False" hidden="False" data="FB" />
      <text name="pindes" originx="960" originy="-280" style="Default" rotation="0" justify="lowerleft" flipped="False" hidden="False" data="D2" />
    </sympin>
  </symbol>
  <component name="TPS631011YBGR" designatorprefix="IC" height="19.685039370078" footprint="BGA8C40P2X4_86X176X50">
    <comppin designator="A1" sympin="1" pinswap="0" gateswap="0" gate="1" group="1" side="" type="Any" name="VIN" />
    <comppin designator="A2" sympin="2" pinswap="0" gateswap="0" gate="1" group="1" side="" type="Any" name="EN" />
    <comppin designator="B1" sympin="3" pinswap="0" gateswap="0" gate="1" group="1" side="" type="Any" name="LX1" />
    <comppin designator="B2" sympin="4" pinswap="0" gateswap="0" gate="1" group="1" side="" type="Any" name="MODE" />
    <comppin designator="C1" sympin="5" pinswap="0" gateswap="0" gate="1" group="1" side="" type="Any" name="LX2" />
    <comppin designator="C2" sympin="6" pinswap="0" gateswap="0" gate="1" group="1" side="" type="Any" name="GND" />
    <comppin designator="D1" sympin="7" pinswap="0" gateswap="0" gate="1" group="1" side="" type="Any" name="VOUT" />
    <comppin designator="D2" sympin="8" pinswap="0" gateswap="0" gate="1" group="1" side="" type="Any" name="FB" />
    <attached_symbol gate="1" name="TPS631011YBGR" />
    <pinmap designator="A1" footprintpin="1" />
    <pinmap designator="A2" footprintpin="2" />
    <pinmap designator="B1" footprintpin="3" />
    <pinmap designator="B2" footprintpin="4" />
    <pinmap designator="C1" footprintpin="5" />
    <pinmap designator="C2" footprintpin="6" />
    <pinmap designator="D1" footprintpin="7" />
    <pinmap designator="D2" footprintpin="8" />
    <text name="Datasheet" originx="0" originy="0" style="Default" rotation="0" justify="" flipped="False" hidden="True" data="https://www.ti.com/product/TPS631011" />
    <text name="Description" originx="0" originy="0" style="Default" rotation="0" justify="" flipped="False" hidden="True" data="Switching Voltage Regulators 1.5-A output current buck-boost converter 8-DSBGA -40 to 125" />
    <text name="Mouser Part Number" originx="0" originy="0" style="Default" rotation="0" justify="" flipped="False" hidden="True" data="595-TPS631011YBGR" />
    <text name="Mouser Price/Stock" originx="0" originy="0" style="Default" rotation="0" justify="" flipped="False" hidden="True" data="https://www.mouser.co.uk/ProductDetail/Texas-Instruments/TPS631011YBGR?qs=HoCaDK9Nz5dCMMb4Eya3qA%3D%3D" />
    <text name="Manufacturer_Name" originx="0" originy="0" style="Default" rotation="0" justify="" flipped="False" hidden="True" data="Texas Instruments" />
    <text name="Manufacturer_Part_Number" originx="950" originy="200" style="Default" rotation="0" justify="left" flipped="False" hidden="False" data="TPS631011YBGR" />
  </component>
</quadcept_library>
